ID,URL,4/7/22 16:29,4/7/22 17:30,4/7/22 18:30,4/7/22 19:30,4/7/22 20:31,4/7/22 21:31,4/7/22 22:31
7480430,http://ca37319.tmweb.ru/,16,16,16,16,16,16,16
7480429,https://sandboxthegame.fun/,9,9,9,9,9,9,12
7480424,http://drestorm.x10.mx,12,12,12,12,12,13,13
7480423,https://fruitfulhopefulobjects.bgeneralfw6com.repl.co,9,9,9,9,9,9,9
7480422,https://heftystrongdrawing.bgeneralfw7com.repl.co,16,16,16,16,16,16,16
7480421,https://general.bancogeneral7.repl.co/,13,13,13,13,13,13,13
7480420,https://bpqa.easycashmanagement.com/easyteller/indexPichincha.html,13,13,13,13,13,13,13
7480416,http://healthiestkitchenever.com/,0,0,0,0,0,0,0
7480413,http://gryhanfeya.klisaikolrhuntypolaeriu.link/,16,16,16,16,16,16,14
7480412,http://pgesbinalbajaucrotceorotgaysssssss.co.vu/confirmid.php,20,20,20,20,19,19,19
7480411,https://repairofyouracctransparancylink.co.vu/,18,18,18,18,18,18,18
7480434,https://business-page-appeal-1262362-3.web.app/,16,16,16,16,16,16,16
7480433,http://jsalalaiuorale.sejuangrelocuancoleeang.link/,13,13,13,13,13,13,11
7480432,http://phantomgalaxies.app,14,14,14,14,14,14,13
7480431,https://www.app-airdrop.com/cake/,6,6,6,6,6,6,6
7480439,https://polkadotx2.com/,1,1,1,1,1,1,1
7480440,http://decentralgame.online,12,12,12,12,12,12,10
7480443,https://olpensea.com/,10,10,9,9,9,9,9
7480441,https://884sbcproaddressmailing55233492bellglobalm7783892atthjaiaoride.weebly.com/,14,14,14,14,14,14,14
7480449,https://aave-app.art/,9,9,9,9,9,9,9
7480447,https://bendigobank.com.au.reset-account.info,7,7,7,7,7,7,8
7480446,http://walletconnectwebs.com,10,10,10,10,10,10,10
7480454,https://disgextension.com/,14,14,14,14,14,14,14
7480460,https://mysupport-nnetannask.xyz/,15,15,15,15,15,15,15
7480458,https://ronin-help.team/abuse/,14,14,14,14,15,15,15
7480464,https://chainlist.eu/?gclid=EAIaIQobChMIi7LLjpP-9gIVC2AYCh3Nwg7AEAMYASAAEgL-3_D_BwE,10,10,10,10,10,10,10
7480473,https://banrural.infoutilitygt.com/login,13,13,15,15,15,15,15
7480477,https://a-u-ac-jp.weebly.com/,10,10,10,10,10,10,10
7480476,https://attadmindomainss99k.weebly.com/,16,16,16,16,16,16,16
7480481,https://app1--ldauth.appleld.0ddcs0.live/?a57a5a743894a0,9,9,8,8,8,8,8
7480487,https://wallrtconnect.netlify.app,17,17,17,17,17,17,17
7480488,https://garenagaming.com,-1,-1,-1,-1,-1,-1,-1
7480492,https://ded4340.inmotionhosting.com/~expertym/wp-includes/blocks/reel/MailUpdateFresh/index.html?err=R4XL67NTXV6WJQXWULD&dispatch=02c&id=8bAbA2aa9C861ab521cc3383b4A7ab#[emailÂ,11,11,13,13,13,13,13
7480494,https://vitallyprofound.com/ionss/v1/index.html#[emailÂ,19,19,19,19,19,19,19
7480500,https://authorizedcookedcase.lefkljshdvakd.repl.co/dksannsnkagswtefagvsd.html#[emailÂ,16,16,16,16,16,16,16
7480503,https://forms.zohopublic.eu/shereee729/form/SIGNINYOURBTACCOUNTCORRECTLY/formperma/OKxq4ftMbr8fokm9s7COE_bMFUw9WgNCsTP6LghBtio,7,7,7,7,7,7,7
7480502,https://forms.zohopublic.eu/teresandyy/form/SIGNINYOURBTACCOUNTHERECORRECTLY/formperma/3MadV2cZgAkGD3a29YCHDibfBY4N_uPJ-Ebf52kPenc,6,6,6,6,6,6,6
7480501,https://business-home-securebt.weebly.com/,13,13,13,13,13,13,13
7480518,http://www.rinvio-carta-di-credito.it/BPER/surf7.php,1,1,1,1,1,1,1
7480521,https://portale-wdb.com/,15,15,15,15,15,15,15
7480525,https://www.google.md/url?usg=AFQjCNGivfYSHvFRCmgQqLO_c-a_vQuzHg&sntz=1&sa=D&q=https://spk-kunden-nutzen.com/8QY67Y8Z54#LUqrwaNfJtb,-1,-1,-1,-1,-1,-1,-1
7480524,https://www.google.mu/url?usg=AFQjCNHip6LhX2_wo1H8JwssaO1yxtr1TA&sntz=1&sa=D&q=https://spk-mitarbeiter-nummer.com/LPHF0IAY32#QpPoRU7M6pT,-1,-1,-1,-1,-1,-1,-1
7480533,http://sunlet.com.hk,0,0,0,0,0,0,0
7480531,http://www.floranostra.hu/main/form/,10,10,10,10,10,10,10
7480538,http://2udapps.online,13,13,13,13,14,14,14
7480541,https://application.axisbank.co.in/App_redirect/redirect.aspx?id=excesscredit,0,0,0,0,0,0,0
7480545,https://theproperrestaurant.net/mps_t/,4,4,4,4,4,4,4
7480544,https://tinyurl.com/sicurezza-allert-MPS,6,6,6,6,6,6,6
7480543,https://duplicate-of-online-pdf-portal.ycodeapp.com/,7,7,7,7,7,7,7
7480554,https://siena-assist.com/accedi.it/,11,11,11,11,11,11,11
7480611,http://guardmindset.co.za/laravel/vendor/guzzlehttp/vulamahlo.htm,9,9,9,9,9,9,9
7480594,https://navigo.net.ru,19,19,19,19,19,19,17
7480623,http://paquete-correos-express.es.swtest.ru/Es-Correos/servicio_al_cliente/Seleccione_medio_de_pago.php,12,12,12,12,12,12,12
7480622,https://us-irs.gov-get-your-coronavirus-impact-status.com/,12,12,12,12,12,12,12
7480617,https://rirdufuspo.weebly.com/,18,18,18,18,18,18,18
7480615,https://attcustomeralertser2022.weebly.com/,14,14,14,14,14,14,14
7480637,https://flowserver.xyz,-1,-1,-1,-1,-1,-1,-1
7480630,http://attachedfile-com.duckdns.org/microsoft/account.php,19,19,19,19,19,19,19
7480643,https://v2.unrekt.net/,6,6,6,6,6,6,6
7480646,https://freeosieoc.ml/,17,17,17,17,17,17,16
7480645,http://aalegro.com,0,0,0,0,0,0,0
7480663,https://dfghjkertyuiktyuil.weeblysite.com/,17,17,17,17,17,17,17
7480662,http://findomestic.briceni.md/,14,14,14,14,14,14,14
7480655,https://vollora.com,-1,-1,-1,-1,-1,-1,-1
7482007,https://tc-donaustetten.de/administrator/components/com_dpcalendar/libraries/caldav/vendor/sabre/vobject/lib/Sabre/VObject/Property/ICalendar/admin.php?r=bD1odHRwczovL3Nway1rdW5kZW5kZXBvdC5jb20vMjQ3UjZHWjkxWg==,3,3,3,3,3,3,3
7482005,https://atthgshshjs.weebly.com/,6,6,6,6,6,6,6
7482002,https://www.lrs22.info/?10271807311,10,10,10,10,10,10,10
7482000,https://assetaccess.site/app/index.html,2,2,2,2,2,2,2
7481999,http://assetaccess.site,1,1,1,1,1,1,1
7481997,https://freeaccountupdate.weebly.com/,7,7,7,7,7,14,14
7481996,https://gfhfjhejathjvnmnjmattcu.weebly.com/,8,8,8,8,8,8,8
7481990,https://webde6.yolasite.com/,0,0,0,0,0,0,0